Log entry for Mon Oct 20 14:08:05 UTC 2025
Log entry for Tue Oct 21 03:47:11 UTC 2025
Log entry for Wed Oct 22 03:53:10 UTC 2025
Log entry for Thu Oct 23 03:46:06 UTC 2025
Log entry for Fri Oct 24 03:44:07 UTC 2025
Log entry for Sat Oct 25 03:45:50 UTC 2025
Log entry for Sun Oct 26 03:50:08 UTC 2025
Log entry for Mon Oct 27 04:04:27 UTC 2025
Log entry for Tue Oct 28 03:50:19 UTC 2025
Log entry for Wed Oct 29 03:59:34 UTC 2025
Log entry for Thu Oct 30 03:51:58 UTC 2025
Log entry for Fri Oct 31 03:53:24 UTC 2025
Log entry for Sat Nov  1 03:52:11 UTC 2025
Log entry for Sun Nov  2 03:56:07 UTC 2025
Log entry for Mon Nov  3 04:02:35 UTC 2025
Log entry for Tue Nov  4 03:51:24 UTC 2025
Log entry for Wed Nov  5 03:54:05 UTC 2025
Log entry for Thu Nov  6 03:34:02 UTC 2025
Log entry for Fri Nov  7 03:30:31 UTC 2025
Log entry for Sat Nov  8 03:23:14 UTC 2025
Log entry for Sun Nov  9 03:31:06 UTC 2025
Log entry for Mon Nov 10 03:37:22 UTC 2025
